{
  "token_acc":1.0,
  "cats_score":0.9539397021,
  "speed":192.1822349024,
  "cats_f_per_type":{
    "fear":{
      "p":0.8111587983,
      "r":0.84375,
      "f":0.8271334792
    },
    "love":{
      "p":0.6917293233,
      "r":0.5786163522,
      "f":0.6301369863
    },
    "surprise":{
      "p":0.671875,
      "r":0.6515151515,
      "f":0.6615384615
    },
    "anger":{
      "p":0.8609022556,
      "r":0.8327272727,
      "f":0.8465804067
    },
    "sadness":{
      "p":0.9033989267,
      "r":0.8691910499,
      "f":0.8859649123
    },
    "joy":{
      "p":0.9254658385,
      "r":0.8575539568,
      "f":0.8902165795
    }
  },
  "cats_auc_per_type":{
    "fear":0.9810670045,
    "love":0.9378004161,
    "surprise":0.9045000157,
    "anger":0.9627383399,
    "sadness":0.9715697583,
    "joy":0.9659626781
  }
}