{
  "token_acc":0.9975946524,
  "cats_score":0.9545679925,
  "speed":3139.2864724408,
  "cats_f_per_type":{
    "fear":{
      "p":0.7851851852,
      "r":0.9464285714,
      "f":0.8582995951
    },
    "love":{
      "p":0.7570093458,
      "r":0.5094339623,
      "f":0.6090225564
    },
    "surprise":{
      "p":0.9285714286,
      "r":0.3939393939,
      "f":0.5531914894
    },
    "anger":{
      "p":0.8828125,
      "r":0.8218181818,
      "f":0.8512241055
    },
    "sadness":{
      "p":0.8981001727,
      "r":0.8950086059,
      "f":0.8965517241
    },
    "joy":{
      "p":0.9024745269,
      "r":0.8920863309,
      "f":0.8972503618
    }
  },
  "cats_auc_per_type":{
    "fear":0.9860717302,
    "love":0.9388457873,
    "surprise":0.9159850835,
    "anger":0.9474782609,
    "sadness":0.9706624747,
    "joy":0.9683646186
  }
}